Date,CPI,Fed Fund Rates,Unemployment  rate,GBP/USD
1/2/1971,5.00,3.72,5.9,2.42
1/3/1971,4.70,3.71,6.0,2.42
1/4/1971,4.20,4.16,5.9,2.42
1/5/1971,4.40,4.63,5.9,2.42
1/6/1971,4.60,4.91,5.9,2.42
1/7/1971,4.40,5.31,6.0,2.42
1/8/1971,4.60,5.57,6.1,2.45
1/9/1971,4.10,5.55,6.0,2.48
1/10/1971,3.80,5.20,5.8,2.49
1/11/1971,3.30,4.91,6.0,2.49
1/12/1971,3.30,4.14,6.0,2.55
1/1/1972,3.30,3.51,5.8,2.59
1/2/1972,3.50,3.30,5.7,2.61
1/3/1972,3.50,3.83,5.8,2.62
1/4/1972,3.50,4.17,5.7,2.61
1/5/1972,3.20,4.27,5.7,2.61
1/6/1972,2.70,4.46,5.7,2.44
1/7/1972,2.90,4.55,5.6,2.45
1/8/1972,2.90,4.81,5.6,2.45
1/9/1972,3.20,4.87,5.5,2.42
1/10/1972,3.40,5.05,5.6,2.34
1/11/1972,3.70,5.06,5.3,2.35
1/12/1972,3.40,5.33,5.2,2.35
1/1/1973,3.60,5.94,4.9,2.38
1/2/1973,3.90,6.58,5.0,2.49
1/3/1973,4.60,7.09,4.9,2.48
1/4/1973,5.10,7.12,5.0,2.49
1/5/1973,5.50,7.84,4.9,2.57
1/6/1973,6.00,8.49,4.9,2.58
1/7/1973,5.70,10.40,4.8,2.50
1/8/1973,7.40,10.50,4.8,2.46
1/9/1973,7.40,10.78,4.8,2.41
1/10/1973,7.80,10.01,4.6,2.44
1/11/1973,8.30,10.03,4.8,2.34
1/12/1973,8.70,9.95,4.9,2.32
1/1/1974,9.40,9.65,5.1,2.29
1/2/1974,10.00,8.97,5.2,2.30
1/3/1974,10.40,9.35,5.1,2.39
1/4/1974,10.10,10.51,5.1,2.42
1/5/1974,10.70,11.31,5.1,2.40
1/6/1974,10.90,11.93,5.4,2.39
1/7/1974,11.50,12.92,5.5,2.39
1/8/1974,10.90,12.01,5.5,2.32
1/9/1974,11.90,11.34,5.9,2.33
1/10/1974,12.10,10.06,6.0,2.34
1/11/1974,12.20,9.45,6.6,2.33
1/12/1974,12.30,8.53,7.2,2.35
1/1/1975,11.80,7.13,8.1,2.38
1/2/1975,11.20,6.24,8.1,2.43
1/3/1975,10.30,5.54,8.6,2.40
1/4/1975,10.20,5.49,8.8,2.35
1/5/1975,9.50,5.22,9.0,2.32
1/6/1975,9.40,5.55,8.8,2.18
1/7/1975,9.70,6.10,8.6,2.15
1/8/1975,8.60,6.14,8.4,2.11
1/9/1975,7.90,6.24,8.4,2.04
1/10/1975,7.40,5.82,8.4,2.08
1/11/1975,7.40,5.22,8.3,2.02
1/12/1975,6.90,5.20,8.2,2.02
1/1/1976,6.70,4.87,7.9,2.03
1/2/1976,6.30,4.77,7.7,2.03
1/3/1976,6.10,4.84,7.6,1.92
1/4/1976,6.00,4.82,7.7,1.84
1/5/1976,6.20,5.29,7.4,1.76
1/6/1976,6.00,5.48,7.6,1.78
1/7/1976,5.40,5.31,7.8,1.78
1/8/1976,5.70,5.29,7.8,1.78
1/9/1976,5.50,5.25,7.6,1.67
1/10/1976,5.50,5.02,7.7,1.59
1/11/1976,4.90,4.95,7.8,1.65
1/12/1976,4.90,4.65,7.8,1.70
1/1/1977,5.20,4.61,7.5,1.72
1/2/1977,5.90,4.68,7.6,1.71
1/3/1977,6.40,4.69,7.4,1.72
1/4/1977,7.00,4.73,7.2,1.72
1/5/1977,6.70,5.35,7.0,1.72
1/6/1977,6.90,5.39,7.2,1.72
1/7/1977,6.80,5.42,6.9,1.74
1/8/1977,6.60,5.90,7.0,1.74
1/9/1977,6.60,6.14,6.8,1.75
1/10/1977,6.40,6.47,6.8,1.84
1/11/1977,6.70,6.51,6.8,1.82
1/12/1977,6.70,6.56,6.4,1.92
1/1/1978,6.80,6.70,6.4,1.95
1/2/1978,6.40,6.78,6.3,1.94
1/3/1978,6.60,6.79,6.3,1.86
1/4/1978,6.50,6.89,6.1,1.83
1/5/1978,7.00,7.36,6.0,1.83
1/6/1978,7.40,7.60,5.9,1.86
1/7/1978,7.70,7.81,6.2,1.93
1/8/1978,7.80,8.04,5.9,1.94
1/9/1978,8.30,8.45,6.0,1.97
1/10/1978,8.90,8.96,5.8,2.09
1/11/1978,8.90,9.76,5.9,1.94
1/12/1978,9.00,10.03,6.0,2.04
1/1/1979,9.30,10.07,5.9,1.99
1/2/1979,9.90,10.06,5.9,2.02
1/3/1979,10.10,10.09,5.8,2.07
1/4/1979,10.50,10.01,5.8,2.07
1/5/1979,10.90,10.24,5.6,2.07
1/6/1979,10.90,10.29,5.7,2.17
1/7/1979,11.30,10.47,5.7,2.26
1/8/1979,11.80,10.94,6.0,2.25
1/9/1979,12.20,11.43,5.9,2.20
1/10/1979,12.10,13.77,6.0,2.08
1/11/1979,12.60,13.18,5.9,2.20
1/12/1979,13.30,13.78,6.0,2.23
1/1/1980,13.90,13.82,6.3,2.27
1/2/1980,14.20,14.13,6.3,2.27
1/3/1980,14.80,17.19,6.3,2.16
1/4/1980,14.70,17.61,6.9,2.25
1/5/1980,14.40,10.98,7.5,2.35
1/6/1980,14.40,9.47,7.6,2.36
1/7/1980,13.10,9.03,7.8,2.34
1/8/1980,12.90,9.61,7.7,2.39
1/9/1980,12.60,10.87,7.5,2.39
1/10/1980,12.80,12.81,7.5,2.44
1/11/1980,12.60,15.85,7.5,2.36
1/12/1980,12.50,18.90,7.2,2.39
1/1/1981,11.80,19.08,7.5,2.38
1/2/1981,11.40,15.93,7.4,2.20
1/3/1981,10.50,14.70,7.4,2.24
1/4/1981,10.00,15.72,7.2,2.15
1/5/1981,9.80,18.52,7.5,2.07
1/6/1981,9.60,19.10,7.5,1.94
1/7/1981,10.80,19.04,7.2,1.85
1/8/1981,10.80,17.82,7.4,1.85
1/9/1981,11.00,15.87,7.6,1.81
1/10/1981,10.10,15.08,7.9,1.85
1/11/1981,9.60,13.31,8.3,1.96
1/12/1981,8.90,12.37,8.5,1.91
1/1/1982,8.40,13.22,8.6,1.87
1/2/1982,7.60,14.78,8.9,1.82
1/3/1982,6.80,14.68,9.0,1.78
1/4/1982,6.50,14.94,9.3,1.79
1/5/1982,6.70,14.45,9.4,1.79
1/6/1982,7.10,14.15,9.6,1.74
1/7/1982,6.40,12.59,9.8,1.74
1/8/1982,5.90,10.12,9.8,1.72
1/9/1982,5.00,10.31,10.1,1.69
1/10/1982,5.10,9.71,10.4,1.68
1/11/1982,4.60,9.20,10.8,1.63
1/12/1982,3.80,8.95,10.8,1.62
1/1/1983,3.70,8.68,10.4,1.52
1/2/1983,3.50,8.51,10.4,1.51
1/3/1983,3.60,8.77,10.3,1.48
1/4/1983,3.90,8.80,10.2,1.56
1/5/1983,3.50,8.63,10.1,1.60
1/6/1983,2.60,8.98,10.1,1.53
1/7/1983,2.50,9.37,9.4,1.52
1/8/1983,2.60,9.56,9.5,1.49
1/9/1983,2.90,9.45,9.2,1.50
1/10/1983,2.90,9.48,8.8,1.50
1/11/1983,3.30,9.34,8.5,1.46
1/12/1983,3.80,9.47,8.3,1.45
1/1/1984,4.20,9.56,8.0,1.40
1/2/1984,4.60,9.59,7.8,1.49
1/3/1984,4.80,9.91,7.8,1.44
1/4/1984,4.60,10.29,7.7,1.40
1/5/1984,4.20,10.32,7.4,1.39
1/6/1984,4.20,11.06,7.2,1.36
1/7/1984,4.20,11.23,7.5,1.31
1/8/1984,4.30,11.64,7.5,1.31
1/9/1984,4.30,11.30,7.3,1.23
1/10/1984,4.30,9.99,7.4,1.22
1/11/1984,4.10,9.43,7.2,1.20
1/12/1984,3.90,8.38,7.3,1.16
1/1/1985,3.50,8.35,7.3,1.13
1/2/1985,3.50,8.50,7.2,1.08
1/3/1985,3.70,8.58,7.2,1.24
1/4/1985,3.70,8.27,7.3,1.24
1/5/1985,3.80,7.97,7.2,1.29
1/6/1985,3.80,7.53,7.4,1.31
1/7/1985,3.60,7.88,7.4,1.41
1/8/1985,3.30,7.90,7.1,1.39
1/9/1985,3.10,7.92,7.1,1.41
1/10/1985,3.20,7.99,7.1,1.44
1/11/1985,3.50,8.05,7.0,1.49
1/12/1985,3.80,8.27,7.0,1.44
1/1/1986,3.90,8.14,6.7,1.41
1/2/1986,3.10,7.86,7.2,1.45
1/3/1986,2.30,7.48,7.2,1.48
1/4/1986,1.60,6.99,7.1,1.55
1/5/1986,1.50,6.85,7.2,1.47
1/6/1986,1.80,6.92,7.2,1.53
1/7/1986,1.60,6.56,7.0,1.49
1/8/1986,1.60,6.17,6.9,1.49
1/9/1986,1.80,5.89,7.0,1.45
1/10/1986,1.50,5.85,7.0,1.42
1/11/1986,1.30,6.04,6.9,1.43
1/12/1986,1.10,6.91,6.6,1.48
1/1/1987,1.50,6.43,6.6,1.51
1/2/1987,2.10,6.10,6.6,1.54
1/3/1987,3.00,6.13,6.6,1.60
1/4/1987,3.80,6.37,6.3,1.66
1/5/1987,3.90,6.85,6.3,1.63
1/6/1987,3.70,6.73,6.2,1.60
1/7/1987,3.90,6.58,6.1,1.59
1/8/1987,4.30,6.73,6.0,1.63
1/9/1987,4.40,7.22,5.9,1.62
1/10/1987,4.50,7.29,6.0,1.72
1/11/1987,4.50,6.69,5.8,1.83
1/12/1987,4.40,6.77,5.7,1.89
1/1/1988,4.00,6.83,5.7,1.77
1/2/1988,3.90,6.58,5.7,1.77
1/3/1988,3.90,6.58,5.7,1.88
1/4/1988,3.90,6.87,5.4,1.88
1/5/1988,3.90,7.09,5.6,1.83
1/6/1988,4.00,7.51,5.4,1.71
1/7/1988,4.10,7.75,5.4,1.71
1/8/1988,4.00,8.01,5.6,1.68
1/9/1988,4.20,8.19,5.4,1.69
1/10/1988,4.20,8.30,5.4,1.77
1/11/1988,4.20,8.35,5.3,1.85
1/12/1988,4.40,8.76,5.3,1.81
1/1/1989,4.70,9.12,5.4,1.75
1/2/1989,4.80,9.36,5.2,1.74
1/3/1989,5.00,9.85,5.0,1.68
1/4/1989,5.10,9.84,5.2,1.69
1/5/1989,5.40,9.81,5.2,1.57
1/6/1989,5.20,9.53,5.3,1.55
1/7/1989,5.00,9.24,5.2,1.66
1/8/1989,4.70,8.99,5.2,1.57
1/9/1989,4.30,9.02,5.3,1.62
1/10/1989,4.50,8.84,5.3,1.58
1/11/1989,4.70,8.55,5.4,1.57
1/12/1989,4.60,8.45,5.4,1.61
1/1/1990,5.20,8.23,5.4,1.68
1/2/1990,5.30,8.24,5.3,1.68
1/3/1990,5.20,8.28,5.2,1.65
1/4/1990,4.70,8.26,5.4,1.64
1/5/1990,4.40,8.18,5.4,1.68
1/6/1990,4.70,8.29,5.2,1.75
1/7/1990,4.80,8.15,5.5,1.86
1/8/1990,5.60,8.13,5.7,1.89
1/9/1990,6.20,8.20,5.9,1.88
1/10/1990,6.30,8.11,5.9,1.94
1/11/1990,6.30,7.81,6.2,1.94
1/12/1990,6.10,7.31,6.3,1.93
1/1/1991,5.70,6.91,6.4,1.97
1/2/1991,5.30,6.25,6.6,1.91
1/3/1991,4.90,6.12,6.8,1.75
1/4/1991,4.90,5.91,6.7,1.73
1/5/1991,5.00,5.78,6.9,1.70
1/6/1991,4.70,5.90,6.9,1.62
1/7/1991,4.40,5.82,6.8,1.69
1/8/1991,3.80,5.66,6.9,1.68
1/9/1991,3.40,5.45,6.9,1.75
1/10/1991,2.90,5.21,7.0,1.74
1/11/1991,3.00,4.81,7.0,1.77
1/12/1991,3.10,4.43,7.3,1.87
1/1/1992,2.60,4.03,7.3,1.79
1/2/1992,2.80,4.06,7.4,1.76
1/3/1992,3.20,3.98,7.4,1.74
1/4/1992,3.20,3.73,7.4,1.78
1/5/1992,3.00,3.82,7.6,1.83
1/6/1992,3.10,3.76,7.8,1.90
1/7/1992,3.20,3.25,7.7,1.93
1/8/1992,3.10,3.30,7.6,1.99
1/9/1992,3.00,3.22,7.6,1.78
1/10/1992,3.20,3.10,7.3,1.56
1/11/1992,3.00,3.09,7.4,1.52
1/12/1992,2.90,2.92,7.4,1.51
1/1/1993,3.30,3.02,7.3,1.49
1/2/1993,3.20,3.03,7.1,1.42
1/3/1993,3.10,3.07,7.0,1.51
1/4/1993,3.20,2.96,7.1,1.57
1/5/1993,3.20,3.00,7.1,1.56
1/6/1993,3.00,3.04,7.0,1.49
1/7/1993,2.80,3.06,6.9,1.48
1/8/1993,2.80,3.03,6.8,1.49
1/9/1993,2.70,3.09,6.7,1.50
1/10/1993,2.80,2.99,6.8,1.48
1/11/1993,2.70,3.02,6.6,1.49
1/12/1993,2.70,2.96,6.5,1.48
1/1/1994,2.50,3.05,6.6,1.51
1/2/1994,2.50,3.25,6.6,1.49
1/3/1994,2.50,3.34,6.5,1.48
1/4/1994,2.40,3.56,6.4,1.52
1/5/1994,2.30,4.01,6.1,1.51
1/6/1994,2.50,4.25,6.1,1.54
1/7/1994,2.80,4.26,6.1,1.54
1/8/1994,2.90,4.47,6.0,1.54
1/9/1994,3.00,4.73,5.9,1.58
1/10/1994,2.60,4.76,5.8,1.64
1/11/1994,2.70,5.29,5.6,1.57
1/12/1994,2.70,5.45,5.5,1.57
1/1/1995,2.80,5.53,5.6,1.58
1/2/1995,2.90,5.92,5.4,1.58
1/3/1995,2.90,5.98,5.4,1.62
1/4/1995,3.10,6.05,5.8,1.61
1/5/1995,3.20,6.01,5.6,1.59
1/6/1995,3.00,6.00,5.6,1.60
1/7/1995,2.80,5.85,5.7,1.60
1/8/1995,2.60,5.74,5.7,1.55
1/9/1995,2.50,5.80,5.6,1.58
1/10/1995,2.80,5.76,5.5,1.58
1/11/1995,2.60,5.80,5.6,1.53
1/12/1995,2.50,5.60,5.6,1.55
1/1/1996,2.70,5.56,5.6,1.51
1/2/1996,2.70,5.22,5.5,1.53
1/3/1996,2.80,5.31,5.5,1.53
1/4/1996,2.90,5.22,5.6,1.51
1/5/1996,2.90,5.24,5.6,1.55
1/6/1996,2.80,5.27,5.3,1.55
1/7/1996,3.00,5.40,5.5,1.56
1/8/1996,2.90,5.22,5.1,1.56
1/9/1996,3.00,5.30,5.2,1.57
1/10/1996,3.00,5.24,5.2,1.63
1/11/1996,3.30,5.31,5.4,1.68
1/12/1996,3.30,5.29,5.4,1.71
1/1/1997,3.00,5.25,5.3,1.60
1/2/1997,3.00,5.19,5.2,1.63
1/3/1997,2.80,5.39,5.2,1.64
1/4/1997,2.50,5.51,5.1,1.62
1/5/1997,2.20,5.50,4.9,1.64
1/6/1997,2.30,5.56,5.0,1.67
1/7/1997,2.20,5.52,4.9,1.64
1/8/1997,2.20,5.54,4.8,1.62
1/9/1997,2.20,5.54,4.9,1.62
1/10/1997,2.10,5.50,4.7,1.67
1/11/1997,1.80,5.52,4.6,1.69
1/12/1997,1.70,5.50,4.7,1.65
1/1/1998,1.60,5.56,4.6,1.63
1/2/1998,1.40,5.51,4.6,1.64
1/3/1998,1.40,5.49,4.7,1.67
1/4/1998,1.40,5.45,4.3,1.67
1/5/1998,1.70,5.49,4.4,1.63
1/6/1998,1.70,5.56,4.5,1.67
1/7/1998,1.70,5.54,4.5,1.63
1/8/1998,1.60,5.55,4.5,1.68
1/9/1998,1.50,5.51,4.6,1.70
1/10/1998,1.50,5.07,4.5,1.67
1/11/1998,1.50,4.83,4.4,1.65
1/12/1998,1.60,4.68,4.4,1.65
1/1/1999,1.70,4.63,4.3,1.65
1/2/1999,1.60,4.76,4.4,1.60
1/3/1999,1.70,4.81,4.2,1.61
1/4/1999,2.30,4.74,4.3,1.61
1/5/1999,2.10,4.74,4.2,1.60
1/6/1999,2.00,4.76,4.3,1.58
1/7/1999,2.10,4.99,4.3,1.62
1/8/1999,2.30,5.07,4.2,1.60
1/9/1999,2.60,5.22,4.2,1.65
1/10/1999,2.60,5.20,4.1,1.64
1/11/1999,2.60,5.42,4.1,1.60
1/12/1999,2.70,5.30,4.0,1.62
1/1/2000,2.70,5.45,4.0,1.62
1/2/2000,3.20,5.73,4.1,1.58
1/3/2000,3.80,5.85,4.0,1.59
1/4/2000,3.10,6.02,3.8,1.55
1/5/2000,3.20,6.27,4.0,1.50
1/6/2000,3.70,6.53,4.0,1.52
1/7/2000,3.70,6.54,4.0,1.50
1/8/2000,3.40,6.50,4.1,1.45
1/9/2000,3.50,6.52,3.9,1.48
1/10/2000,3.40,6.51,3.9,1.45
1/11/2000,3.40,6.51,3.9,1.43
1/12/2000,3.40,6.40,3.9,1.50
1/1/2001,3.70,5.98,4.2,1.46
1/2/2001,3.50,5.49,4.2,1.44
1/3/2001,2.90,5.31,4.3,1.42
1/4/2001,3.30,4.80,4.4,1.43
1/5/2001,3.60,4.21,4.3,1.42
1/6/2001,3.20,3.97,4.5,1.42
1/7/2001,2.70,3.77,4.6,1.42
1/8/2001,2.70,3.65,4.9,1.45
1/9/2001,2.60,3.07,5.0,1.47
1/10/2001,2.10,2.49,5.3,1.45
1/11/2001,1.90,2.09,5.5,1.42
1/12/2001,1.60,1.82,5.7,1.45
1/1/2002,1.10,1.73,5.7,1.41
1/2/2002,1.10,1.74,5.7,1.42
1/3/2002,1.50,1.73,5.7,1.43
1/4/2002,1.60,1.75,5.9,1.46
1/5/2002,1.20,1.75,5.8,1.45
1/6/2002,1.10,1.75,5.8,1.53
1/7/2002,1.50,1.73,5.8,1.56
1/8/2002,1.80,1.74,5.7,1.55
1/9/2002,1.50,1.75,5.7,1.57
1/10/2002,2.00,1.75,5.7,1.56
1/11/2002,2.20,1.34,5.9,1.56
1/12/2002,2.40,1.24,6.0,1.61
1/1/2003,2.60,1.24,5.8,1.65
1/2/2003,3.00,1.26,5.9,1.57
1/3/2003,3.00,1.25,5.9,1.58
1/4/2003,2.20,1.26,6.0,1.60
1/5/2003,2.10,1.26,6.1,1.64
1/6/2003,2.10,1.22,6.3,1.65
1/7/2003,2.10,1.01,6.2,1.61
1/8/2003,2.20,1.03,6.1,1.58
1/9/2003,2.30,1.01,6.1,1.66
1/10/2003,2.00,1.01,6.0,1.70
1/11/2003,1.80,1.00,5.8,1.72
1/12/2003,1.90,0.98,5.7,1.79
1/1/2004,1.90,1.00,5.7,1.82
1/2/2004,1.70,1.01,5.6,1.87
1/3/2004,1.70,1.00,5.8,1.85
1/4/2004,2.30,1.00,5.6,1.78
1/5/2004,3.10,1.00,5.6,1.83
1/6/2004,3.30,1.03,5.6,1.82
1/7/2004,3.00,1.26,5.5,1.82
1/8/2004,2.70,1.43,5.4,1.80
1/9/2004,2.50,1.61,5.4,1.81
1/10/2004,3.20,1.76,5.5,1.84
1/11/2004,3.50,1.93,5.4,1.91
1/12/2004,3.30,2.16,5.4,1.92
1/1/2005,3.00,2.28,5.3,1.88
1/2/2005,3.00,2.50,5.4,1.92
1/3/2005,3.10,2.63,5.2,1.89
1/4/2005,3.50,2.79,5.2,1.91
1/5/2005,2.80,3.00,5.1,1.82
1/6/2005,2.50,3.04,5.0,1.79
1/7/2005,3.20,3.26,5.0,1.76
1/8/2005,3.60,3.50,4.9,1.80
1/9/2005,4.70,3.62,5.0,1.76
1/10/2005,4.30,3.78,5.0,1.77
1/11/2005,3.50,4.00,5.0,1.73
1/12/2005,3.40,4.16,4.9,1.72
1/1/2006,4.00,4.29,4.7,1.78
1/2/2006,3.60,4.49,4.8,1.75
1/3/2006,3.40,4.59,4.7,1.74
1/4/2006,3.50,4.79,4.7,1.83
1/5/2006,4.20,4.94,4.6,1.87
1/6/2006,4.30,4.99,4.6,1.85
1/7/2006,4.10,5.24,4.7,1.87
1/8/2006,3.80,5.25,4.7,1.90
1/9/2006,2.10,5.25,4.5,1.87
1/10/2006,1.30,5.25,4.4,1.91
1/11/2006,2.00,5.25,4.5,1.97
1/12/2006,2.50,5.24,4.4,1.96
1/1/2007,2.10,5.25,4.6,1.96
1/2/2007,2.40,5.26,4.5,1.96
1/3/2007,2.80,5.26,4.4,1.97
1/4/2007,2.60,5.25,4.5,2.00
1/5/2007,2.70,5.25,4.4,1.98
1/6/2007,2.70,5.25,4.6,2.01
1/7/2007,2.40,5.26,4.7,2.03
1/8/2007,2.00,5.02,4.6,2.02
1/9/2007,2.80,4.94,4.7,2.05
1/10/2007,3.50,4.76,4.7,2.08
1/11/2007,4.30,4.49,4.7,2.06
1/12/2007,4.10,4.24,5.0,1.98
1/1/2008,4.30,3.94,5.0,1.99
1/2/2008,4.00,2.98,4.9,1.99
1/3/2008,4.00,2.61,5.1,1.98
1/4/2008,3.90,2.28,5.0,1.99
1/5/2008,4.20,1.98,5.4,1.98
1/6/2008,5.00,2.00,5.6,1.99
1/7/2008,5.60,2.01,5.8,1.98
1/8/2008,5.40,2.00,6.1,1.82
1/9/2008,4.90,1.81,6.1,1.78
1/10/2008,3.70,0.97,6.5,1.61
1/11/2008,1.10,0.39,6.8,1.54
1/12/2008,0.10,0.16,7.3,1.46
1/1/2009,0.00,0.15,7.8,1.45
1/2/2009,0.20,0.22,8.3,1.43
1/3/2009,-0.40,0.18,8.7,1.43
1/4/2009,-0.70,0.15,9.0,1.48
1/5/2009,-1.30,0.18,9.4,1.62
1/6/2009,-1.40,0.21,9.5,1.65
1/7/2009,-2.10,0.16,9.5,1.67
1/8/2009,-1.50,0.16,9.6,1.63
1/9/2009,-1.30,0.15,9.8,1.60
1/10/2009,-0.20,0.12,10.0,1.64
1/11/2009,1.80,0.12,9.9,1.65
1/12/2009,2.70,0.12,9.9,1.62
1/1/2010,2.60,0.11,9.8,1.60
1/2/2010,2.10,0.13,9.8,1.53
1/3/2010,2.30,0.16,9.9,1.52
1/4/2010,2.20,0.20,9.9,1.53
1/5/2010,2.00,0.20,9.6,1.45
1/6/2010,1.10,0.18,9.4,1.49
1/7/2010,1.20,0.18,9.4,1.57
1/8/2010,1.10,0.19,9.5,1.54
1/9/2010,1.10,0.19,9.5,1.57
1/10/2010,1.20,0.19,9.4,1.60
1/11/2010,1.10,0.19,9.8,1.56
1/12/2010,1.50,0.18,9.3,1.56
1/1/2011,1.60,0.17,9.1,1.60
1/2/2011,2.10,0.16,9.0,1.63
1/3/2011,2.70,0.14,9.0,1.60
1/4/2011,3.20,0.10,9.1,1.67
1/5/2011,3.60,0.09,9.0,1.64
1/6/2011,3.60,0.09,9.1,1.60
1/7/2011,3.60,0.07,9.0,1.64
1/8/2011,3.80,0.10,9.0,1.63
1/9/2011,3.90,0.08,9.0,1.56
1/10/2011,3.50,0.07,8.8,1.61
1/11/2011,3.40,0.08,8.6,1.57
1/12/2011,3.00,0.07,8.5,1.55
1/1/2012,2.90,0.08,8.3,1.58
1/2/2012,2.90,0.10,8.3,1.59
1/3/2012,2.70,0.13,8.2,1.60
1/4/2012,2.30,0.14,8.2,1.62
1/5/2012,1.70,0.16,8.2,1.54
1/6/2012,1.70,0.16,8.2,1.57
1/7/2012,1.40,0.16,8.2,1.57
1/8/2012,1.70,0.13,8.1,1.59
1/9/2012,2.00,0.14,7.8,1.62
1/10/2012,2.20,0.16,7.8,1.61
1/11/2012,1.80,0.16,7.7,1.60
1/12/2012,1.70,0.16,7.9,1.63
1/1/2013,1.60,0.14,8.0,1.59
1/2/2013,2.00,0.15,7.7,1.52
1/3/2013,1.50,0.14,7.5,1.52
1/4/2013,1.10,0.15,7.6,1.55
1/5/2013,1.40,0.11,7.5,1.52
1/6/2013,1.80,0.09,7.5,1.52
1/7/2013,2.00,0.09,7.3,1.52
1/8/2013,1.50,0.08,7.2,1.55
1/9/2013,1.20,0.08,7.2,1.62
1/10/2013,1.00,0.09,7.2,1.60
1/11/2013,1.20,0.08,6.9,1.64
1/12/2013,1.50,0.09,6.7,1.66
1/1/2014,1.60,0.07,6.6,1.64
1/2/2014,1.10,0.07,6.7,1.67
1/3/2014,1.50,0.08,6.7,1.67
1/4/2014,2.00,0.09,6.2,1.69
1/5/2014,2.10,0.09,6.3,1.68
1/6/2014,2.10,0.10,6.1,1.71
1/7/2014,2.00,0.09,6.2,1.69
1/8/2014,1.70,0.09,6.1,1.66
1/9/2014,1.70,0.09,5.9,1.62
1/10/2014,1.70,0.09,5.7,1.60
1/11/2014,1.30,0.09,5.8,1.56
1/12/2014,0.80,0.12,5.6,1.56
1/1/2015,-0.10,0.11,5.7,1.51
1/2/2015,0.00,0.11,5.5,1.54
1/3/2015,-0.10,0.11,5.4,1.48
1/4/2015,-0.20,0.12,5.4,1.53
1/5/2015,0.00,0.12,5.6,1.53
1/6/2015,0.10,0.13,5.3,1.57
1/7/2015,0.20,0.13,5.2,1.56
1/8/2015,0.20,0.14,5.1,1.53
1/9/2015,0.00,0.14,5.0,1.51
1/10/2015,0.20,0.12,5.0,1.54
1/11/2015,0.50,0.12,5.1,1.51
1/12/2015,0.70,0.24,5.0,1.47
1/1/2016,1.40,0.34,4.8,1.42
1/2/2016,1.00,0.38,4.9,1.39
1/3/2016,0.90,0.36,5.0,1.44
1/4/2016,1.10,0.37,5.1,1.46
1/5/2016,1.00,0.37,4.8,1.45
1/6/2016,1.00,0.38,4.9,1.33
1/7/2016,0.80,0.39,4.8,1.32
1/8/2016,1.10,0.40,4.9,1.31
1/9/2016,1.50,0.40,5.0,1.30
1/10/2016,1.60,0.40,4.9,1.22
1/11/2016,1.70,0.41,4.7,1.25
1/12/2016,2.10,0.54,4.7,1.23
1/1/2017,2.50,0.65,4.7,1.26
1/2/2017,2.70,0.66,4.6,1.24
1/3/2017,2.40,0.79,4.4,1.25
1/4/2017,2.20,0.90,4.4,1.29
1/5/2017,1.90,0.91,4.4,1.29
1/6/2017,1.60,1.04,4.3,1.30
1/7/2017,1.70,1.15,4.3,1.32
1/8/2017,1.90,1.16,4.4,1.29
1/9/2017,2.20,1.15,4.3,1.34
1/10/2017,2.00,1.15,4.2,1.33
1/11/2017,2.20,1.16,4.2,1.35
1/12/2017,2.10,1.30,4.1,1.35
1/1/2018,2.10,1.42,4.0,1.42
1/2/2018,2.20,1.42,4.1,1.38
1/3/2018,2.40,1.51,4.0,1.40
1/4/2018,2.50,1.69,4.0,1.38
1/5/2018,2.80,1.70,3.8,1.33
1/6/2018,2.90,1.80,4.0,1.32
1/7/2018,2.90,1.91,3.8,1.31
1/8/2018,2.70,1.91,3.8,1.30
1/9/2018,2.30,1.95,3.7,1.30
1/10/2018,2.50,2.19,3.8,1.28
1/11/2018,2.20,2.20,3.8,1.28
1/12/2018,1.90,2.27,3.9,1.28
1/1/2019,1.60,2.40,4.0,1.31
1/2/2019,1.50,2.40,3.8,1.33
1/3/2019,1.90,2.40,3.8,1.30
1/4/2019,2.00,2.42,3.6,1.30
1/5/2019,1.80,2.39,3.6,1.26
1/6/2019,1.60,2.38,3.6,1.27
1/7/2019,1.80,2.40,3.7,1.22
1/8/2019,1.70,2.13,3.7,1.22
1/9/2019,1.70,2.05,3.5,1.23
1/10/2019,1.80,1.83,3.6,1.29
1/11/2019,2.10,1.55,3.6,1.29
1/12/2019,2.30,1.55,3.6,1.33
1/1/2020,2.50,1.55,3.5,1.32
1/2/2020,2.30,1.58,3.5,1.28
1/3/2020,1.50,0.63,4.4,1.24
1/4/2020,0.30,0.05,14.7,1.26
1/5/2020,0.10,0.05,13.2,1.23
1/6/2020,0.60,0.08,11.0,1.24
1/7/2020,1.00,0.09,10.2,1.31
1/8/2020,1.30,0.09,8.4,1.34
1/9/2020,1.40,0.09,7.9,1.29
1/10/2020,1.20,0.09,6.9,1.29
1/11/2020,1.20,0.09,6.7,1.33
1/12/2020,1.40,0.09,6.7,1.37
1/1/2021,1.40,0.09,6.4,1.37
1/2/2021,1.70,0.08,6.2,1.39
1/3/2021,2.60,0.07,6.0,1.38
1/4/2021,4.20,0.07,6.0,1.38
1/5/2021,5.00,0.06,5.8,1.42
1/6/2021,5.40,0.08,5.9,1.38
1/7/2021,5.40,0.10,5.4,1.39
1/8/2021,5.30,0.09,5.2,1.38
1/9/2021,5.40,0.08,4.7,1.35
1/10/2021,6.20,0.08,4.6,1.37
1/11/2021,6.80,0.08,4.2,1.33
1/12/2021,7.00,0.08,3.9,1.35